Name,Region,Type,Set,Cost,FileName
Quallon,Weave,Creature,Dream's End,3,quallon.jpg
Flugg,Weave,Creature,Dream's End,4,flugg.jpg
Alaban Kit,Arderial,Creature,Dream's End,2,alaban_kit.jpg
Nocturne,Naroom,Spell,Dream's End,4,nocturne.jpg
Dark Furok,Core,Creature,Dream's End,6,dark_furok.jpg
Kesia,Weave,Magi,Dream's End,14,kesia.jpg
Stealth,Core,Spell,Dream's End,3,stealth.jpg
Targ'n,Kybar's Teeth,Magi,Dream's End,17,targn.jpg
Sorrowing Ogar,Underneath,Magi,Dream's End,15,sorrowing_ogar.jpg
The Hunt,Weave,Spell,Dream's End,1,the_hunt.jpg
Elios,Arderial,Magi,Dream's End,10,elios.jpg
Chogulith,Kybar's Teeth,Relic,Dream's End,2,chogulith.jpg
Weave Winds,Weave,Spell,Dream's End,6,weave_winds.jpg
Tomorrow's Jewel,Universal,Relic,Dream's End,1,tomorrows_jewel.jpg
Moga Pup,Kybar's Teeth,Creature,Dream's End,4,moga_pup.jpg
Grass Hyren,Weave,Creature,Dream's End,6,grass_hyren.jpg
Rock Slide,Kybar's Teeth,Spell,Dream's End,5,kybars_teeth_rockslide.jpg
Crag Quor,Kybar's Teeth,Creature,Dream's End,7,crag_quor.jpg
Zaya's Bow,Weave,Relic,Dream's End,0,zayas_bow.jpg
Groll - Watchkeeper,Kybar's Teeth,Magi,Dream's End,10,groll.jpg
Junjertrug,Weave,Creature,Dream's End,7,junjertrug.jpg
Rayje's Cloak,Universal,Relic,Dream's End,2,rayjes_cloak.jpg
Mosp,Kybar's Teeth,Creature,Dream's End,4,mosp.jpg
Jip,Naroom,Creature,Dream's End,3,jip.jpg
Iyori,Weave,Magi,Dream's End,15,iyori.jpg
Cald Shadow Geyser,Core,Spell,Dream's End,5,cald_shadow_geyser.jpg
Secrets of the Book,Core,Relic,Dream's End,0,secrets_of_the_book.jpg
Staff of Keepers,Universal,Relic,Dream's End,0,staff_of_keepers.jpg
Zannah,Naroom,Magi,Dream's End,14,zannah.jpg
Wessig,Kybar's Teeth,Magi,Dream's End,13,wessig.jpg
Baldar,Kybar's Teeth,Creature,Dream's End,6,baldar.jpg
Giant Baldar,Kybar's Teeth,Creature,Dream's End,9,giant_baldar.jpg
Silth Giant,Cald,Creature,Dream's End,10,silth_giant.jpg
Searing Touch,Cald,Spell,Dream's End,3,searing_touch.jpg
Xamf,Kybar's Teeth,Creature,Dream's End,5,xamf.jpg
Underneath Shadow Geyser,Core,Spell,Dream's End,5,underneath_shadow_geyser.jpg
Diomant,Cald,Creature,Dream's End,6,diomant.jpg
Drought,Weave,Spell,Dream's End,2,drought.jpg
Evu's Jellybeans,Naroom,Relic,Dream's End,X,evus_jellybeans.jpg
Kesia's Flute,Weave,Relic,Dream's End,0,kesias_flute.jpg
Weave Mat,Weave,Relic,Dream's End,2,weave_mat.jpg
Koll,Kybar's Teeth,Magi,Dream's End,12,koll.jpg
Tweave,Weave,Creature,Dream's End,1,tweave.jpg
Frusk,Weave,Creature,Dream's End,2,frusk.jpg
Speag,Weave,Creature,Dream's End,2,speag.jpg
Vertigo,Kybar's Teeth,Spell,Dream's End,2,vertigo.jpg
Kybar's Scroll,Kybar's Teeth,Relic,Dream's End,0,kybars_scroll.jpg
Ascend,Kybar's Teeth,Spell,Dream's End,2,ascend.jpg
Vogo,Kybar's Teeth,Creature,Dream's End,6,vogo.jpg
Gargagnor,Kybar's Teeth,Creature,Dream's End,4,gargagnor.jpg
Evil Evu,Core,Magi,Dream's End,15,evil_evu.jpg
Gratch,Kybar's Teeth,Creature,Dream's End,4,gratch.jpg
Emec,Kybar's Teeth,Magi,Dream's End,10,emec.jpg
Agram's Plaything,Core,Relic,Dream's End,0,agrams_plaything.jpg
Rayje's Sword,Universal,Relic,Dream's End,0,rayjes_sword.jpg
Cragnoc,Kybar's Teeth,Creature,Dream's End,10,cragnoc.jpg
Tuk Berries,Weave,Relic,Dream's End,0,tuk_berries.jpg
Crystal Parmalag,Underneath,Creature,Dream's End,7,crystal_parmalag.jpg
Heppeswip,Weave,Creature,Dream's End,4,heppeswip.jpg
Elder Vellup,Arderial,Creature,Dream's End,5,elder_vellup.jpg
Jagt,Kybar's Teeth,Magi,Dream's End,11,jagt.jpg
Stone Quor,Kybar's Teeth,Creature,Dream's End,8,stone_quor.jpg
Zassyfer,Weave,Creature,Dream's End,3,zassyfer.jpg
Uwamar,Weave,Creature,Dream's End,3,uwamar.jpg
Iximin,Orothe,Creature,Dream's End,3,iximin.jpg
Grand Epik,Arderial,Creature,Dream's End,5,grand_epik.jpg
Beam of Light,Universal,Spell,Dream's End,4,beam_of_light.jpg
Garadan,Core,Creature,Dream's End,7,garadan.jpg
Orothe Shadow Geyser,Core,Spell,Dream's End,5,orothe_shadow_geyser.jpg
Kybar's Echo,Kybar's Teeth,Spell,Dream's End,1,kybars_echo.jpg
Giant Arboll,Cald,Creature,Dream's End,4,giant_arboll.jpg
Sheath,Weave,Spell,Dream's End,3,sheath.jpg
Weave Mind,Weave,Spell,Dream's End,1,weave_mind.jpg
Delia - Keeper,Arderial,Magi,Dream's End,12,delia.jpg
Roar,Kybar's Teeth,Spell,Dream's End,2,roar.jpg
Hubram,Underneath,Creature,Dream's End,2,hubram.jpg
Weave Hyren,Weave,Creature,Dream's End,8,weave_hyren.jpg
Ullig's Slingshot,Kybar's Teeth,Relic,Dream's End,0,ulligs_slingshot.jpg
Karak Necklace,Orothe,Relic,Dream's End,0,karak_necklace.jpg
Gremm's Helmet,Underneath,Relic,Dream's End,2,gremms_helmet.jpg
Zajan,Naroom,Magi,Dream's End,15,zajan.jpg
Bungaloo,Weave,Creature,Dream's End,2,bungaloo_weave.jpg
Storm Shield,Arderial,Relic,Dream's End,0,storm_shield.jpg
Junjertrug Horn,Weave,Relic,Dream's End,1,junjertrug_horn.jpg
Naroom Shadow Geyser,Core,Spell,Dream's End,5,naroom_shadow_geyser.jpg
Tremor Stones,Underneath,Relic,Dream's End,0,tremor_stones.jpg
Rock Hyren,Kybar's Teeth,Creature,Dream's End,11,rock_hyren.jpg
Pagajack,Weave,Creature,Dream's End,1,pagajack.jpg
Lava Flow,Cald,Spell,Dream's End,2,lava_flow.jpg
Jasker's Mask,Kybar's Teeth,Relic,Dream's End,0,jaskers_mask.jpg
Riptide,Orothe,Spell,Dream's End,2,riptide.jpg
Hidden Door,Underneath,Spell,Dream's End,2,hidden_door.jpg
Climbing Staff,Kybar's Teeth,Relic,Dream's End,0,climbing_staff.jpg
Marella,Weave,Magi,Dream's End,10,marella.jpg
Yark Gloves,Kybar's Teeth,Relic,Dream's End,1,yark_gloves.jpg
Arderial Shadow Geyser,Core,Spell,Dream's End,5,arderial_shadow_geyser.jpg
Abraxin's Crown,Cald,Relic,Dream's End,0,abraxins_crown.jpg
Moga,Kybar's Teeth,Creature,Dream's End,6,moga.jpg
Fate's Whimsy,Universal,Spell,Dream's End,1,fates_whimsy.jpg
Uwamar Beads,Weave,Relic,Dream's End,0,uwamar_beads.jpg
Equilibrate,Universal,Spell,Dream's End,3,equilibrate.jpg
Sorreah's Dream,Arderial,Spell,Dream's End,X,sorreahs_dream.jpg
Binding,Weave,Spell,Dream's End,2,binding.jpg
Nodj,Naroom,Creature,Dream's End,5,nodj.jpg
Grej,Kybar's Teeth,Magi,Dream's End,13,grej.jpg
Aritex,Weave,Creature,Dream's End,5,aritex.jpg
Bungaloo,Naroom,Creature,Dream's End,2,bungaloo_naroom.jpg
Bria,Orothe,Magi,Dream's End,12,bria.jpg
Agram's Staff,Core,Relic,Dream's End,2,agrams_staff.jpg
Nalo,Orothe,Creature,Dream's End,4,nalo.jpg
Garan,Naroom,Creature,Dream's End,6,garan.jpg
Harmony,Weave,Spell,Dream's End,6,harmony.jpg
Osatch,Weave,Creature,Dream's End,2,osatch.jpg
Bo'Ahsa,Weave,Magi,Dream's End,14,boahsa.jpg
Yajo,Weave,Creature,Dream's End,3,yajo.jpg
Ashio,Core,Magi,Dream's End,13,ashio.jpg
Rayalon,Arderial,Creature,Dream's End,6,rayalon.jpg
Cataclysm,Arderial,Spell,Dream's End,10,cataclysm.jpg
Kazm,Kybar's Teeth,Magi,Dream's End,15,kazm.jpg
Ullig,Kybar's Teeth,Magi,Dream's End,20,ullig.jpg
Sawgrass,Weave,Spell,Dream's End,5,sawgrass.jpg
Artyva,Weave,Magi,Dream's End,13,artyva.jpg
Agrilla,Kybar's Teeth,Creature,Dream's End,6,agrilla.jpg
Zaya,Weave,Magi,Dream's End,16,zaya.jpg
Sagawal,Kybar's Teeth,Creature,Dream's End,3,sagawal.jpg
Chaos Plith,Core,Creature,Dream's End,5,chaos_plith.jpg
Pruitt's Robe,Naroom,Relic,Dream's End,0,pruitts_robe.jpg
Pody,Weave,Creature,Dream's End,4,pody.jpg
M'Rika,Orothe,Magi,Dream's End,12,mrika.jpg
Deep Wellisk,Orothe,Creature,Dream's End,4,deep_wellisk.jpg
Spore Vashp,Underneath,Creature,Dream's End,3,spore_vashp.jpg
Moga Fang Necklace,Kybar's Teeth,Relic,Dream's End,0,moga_fang_necklace.jpg
Swamp Hyren,Bograth,Creature,Dream's End,8,bograth_swamp_hyren.jpg
Aglow,Underneath,Spell,Dream's End,2,aglow.jpg
Shock Vashp,Arderial,Creature,Dream's End,2,shock_vashp.jpg
Yark,Kybar's Teeth,Creature,Dream's End,5,yark.jpg
Maelstrom Flask,Universal,Relic,Dream's End,0,maelstrom_flask.jpg
Stone Storm,Kybar's Teeth,Spell,Dream's End,X+3,stone_storm.jpg
Vaporize,Core,Spell,Dream's End,3,vaporize.jpg
Vuryip,Weave,Creature,Dream's End,6,vuryip.jpg
Lifeweave,Weave,Spell,Dream's End,2,lifeweave.jpg
Vorga,Cald,Magi,Dream's End,13,vorga.jpg
Jungle Hyren,Paradwyn,Creature,Dream's End,8,jungle_hyren.jpg
Shell,Orothe,Spell,Dream's End,2,shell.jpg
Lascinth,Weave,Creature,Dream's End,5,lascinth.jpg
Smoke Xyx,Cald,Creature,Dream's End,4,smoke_xyx.jpg
Kybar's Hammer,Kybar's Teeth,Relic,Dream's End,2,kybars_hammer.jpg
Amanax,Cald,Magi,Dream's End,10,amanax.jpg
Granite Parmalag,Kybar's Teeth,Creature,Dream's End,8,granite_parmalag.jpg
Vim and Vigor,Naroom,Spell,Dream's End,4,vim_and_vigor.jpg
Drowl,Weave,Creature,Dream's End,6,drowl.jpg
Ominous Presence,Kybar's Teeth,Spell,Dream's End,1,ominous_presence.jpg
Elder Weebo,Naroom,Creature,Dream's End,5,elder_weebo.jpg
Hrada,Core,Magi,Dream's End,16,hrada.jpg
Weggit,Weave,Creature,Dream's End,3,weggit.jpg
Yerthe,Weave,Magi,Dream's End,14,yerthe.jpg
Ahdar,Weave,Magi,Dream's End,15,ahdar.jpg
Syre,Underneath,Creature,Dream's End,3,syre.jpg
Chogus,Kybar's Teeth,Creature,Dream's End,4,chogus.jpg
Giant Chogus,Kybar's Teeth,Creature,Dream's End,8,giant_chogus.jpg
Weave Hut,Weave,Relic,Dream's End,0,weave_hut.jpg
Parathin,Orothe,Creature,Dream's End,3,parathin.jpg
Krawg,Cald,Creature,Dream's End,6,krawg.jpg
Chur,Core,Magi,Dream's End,15,chur.jpg
Weave Powder,Weave,Relic,Dream's End,0,weave_powder.jpg
Darge,Kybar's Teeth,Creature,Dream's End,7,darge.jpg
Jumbor,Weave,Creature,Dream's End,6,jumbor.jpg
Yebed,Kybar's Teeth,Creature,Dream's End,6,yebed.jpg
Barqua's Bubble,Orothe,Relic,Dream's End,2,barquas_bubble.jpg
Grega's Ring,Cald,Relic,Dream's End,2,gregas_ring.jpg
Drush,Core,Creature,Dream's End,4,drush.jpg
Urhail,Underneath,Creature,Dream's End,7,urhail.jpg
Prek,Underneath,Magi,Dream's End,13,prek.jpg
Jagged Rocks,Kybar's Teeth,Spell,Dream's End,3,jagged_rocks.jpg
Cliff Hyren,Kybar's Teeth,Creature,Dream's End,10,cliff_hyren.jpg
Deep Barl,Orothe,Creature,Dream's End,6,deep_barl.jpg
Kolte,Weave,Magi,Dream's End,11,kolte.jpg
Hogra Stones,Kybar's Teeth,Relic,Dream's End,0,hogra_stones.jpg
Eyes of Arderial,Arderial,Relic,Dream's End,0,eyes_of_arderial.jpg
Feet of Stone,Kybar's Teeth,Spell,Dream's End,2,feet_of_stone.jpg
Quirle,Weave,Magi,Dream's End,13,quirle.jpg
Gia's Tome,Weave,Relic,Dream's End,1,gias_tome.jpg
Monarch Hyren,Universal,Creature,Dream's End,9,monarch_hyren.jpg
Harban,Core,Creature,Dream's End,5,harban.jpg
Hok,Kybar's Teeth,Magi,Dream's End,14,hok.jpg
